{
  "users": [
    {
      "id": 100,
      "age": 39,
      "name": "Madeleine Flynn",
      "gender": "female",
      "email": "madeleineflynn@jumpstack.com"
    },
    {
      "id": 101,
      "age": 34,
      "name": "Cecile Benson",
      "gender": "female",
      "email": "cecilebenson@jumpstack.com"
    },
    {
      "id": 102,
      "age": 20,
      "name": "Kennedy Branch",
      "gender": "male",
      "email": "kennedybranch@jumpstack.com"
    },
    {
      "id": 103,
      "age": 32,
      "name": "Lucinda Ballard",
      "gender": "female",
      "email": "lucindaballard@jumpstack.com"
    },
    {
      "id": 104,
      "age": 20,
      "name": "Holmes Morin",
      "gender": "male",
      "email": "holmesmorin@jumpstack.com"
    },
    {
      "id": 105,
      "age": 29,
      "name": "Della Good",
      "gender": "female",
      "email": "dellagood@jumpstack.com"
    },
    {
      "id": 106,
      "age": 31,
      "name": "Shelly Greer",
      "gender": "female",
      "email": "shellygreer@jumpstack.com"
    },
    {
      "id": 107,
      "age": 32,
      "name": "Sherrie Sexton",
      "gender": "female",
      "email": "sherriesexton@jumpstack.com"
    },
    {
      "id": 108,
      "age": 33,
      "name": "Bright Mccarty",
      "gender": "male",
      "email": "brightmccarty@jumpstack.com"
    },
    {
      "id": 109,
      "age": 34,
      "name": "Rush Hays",
      "gender": "male",
      "email": "rushhays@jumpstack.com"
    },
    {
      "id": 110,
      "age": 26,
      "name": "Whitehead Rose",
      "gender": "male",
      "email": "whiteheadrose@jumpstack.com"
    },
    {
      "id": 111,
      "age": 33,
      "name": "Buchanan Frye",
      "gender": "male",
      "email": "buchananfrye@jumpstack.com"
    },
    {
      "id": 112,
      "age": 24,
      "name": "Baker Pratt",
      "gender": "male",
      "email": "bakerpratt@jumpstack.com"
    },
    {
      "age": "34",
      "name": "lis Benson",
      "gender": "female",
      "email": "lis@lis.com",
      "id": 113
    },
    {
      "age": "34",
      "name": "Jan Benson",
      "gender": "male",
      "email": "lis@lis.com",
      "id": 114
    }
  ]
}